                  epoch,         train/box_loss,         train/cls_loss,         train/dfl_loss,   metrics/precision(B),      metrics/recall(B),       metrics/mAP50(B),    metrics/mAP50-95(B),           val/box_loss,           val/cls_loss,           val/dfl_loss,                 lr/pg0,                 lr/pg1,                 lr/pg2
                      0,                 1.5161,                  2.627,                 1.4809,                0.47733,                0.39543,                 0.4059,                0.18683,                 1.4781,                  2.248,                 1.3556,              0.0032967,              0.0032967,              0.0032967
                      1,                 1.4381,                 1.8438,                 1.4082,                 0.4724,                0.54618,                0.50642,                0.24196,                 1.5205,                 1.8386,                 1.4774,              0.0066082,              0.0066082,              0.0066082
                      2,                 1.4753,                 1.7991,                 1.4498,                0.46724,                0.44128,                0.37718,                0.17638,                 1.6368,                 2.9266,                  1.598,              0.0098976,              0.0098976,              0.0098976
                      3,                  1.572,                 1.8936,                 1.5339,                0.39517,                0.38896,                0.31833,                0.13376,                 1.8074,                  2.419,                 1.7242,               0.009901,               0.009901,               0.009901
                      4,                 1.5748,                 1.7937,                 1.5111,                0.41719,                0.31662,                0.28477,                0.11856,                 1.9605,                 2.3613,                 1.8847,               0.009901,               0.009901,               0.009901
                      5,                 1.5509,                 1.7465,                 1.5165,                0.18861,                0.44398,                0.22068,                0.07938,                 2.1378,                 3.6248,                 1.8919,               0.009868,               0.009868,               0.009868
                      6,                 1.5327,                 1.6544,                 1.4784,                0.46655,                0.49623,                0.44248,                0.21605,                 1.6683,                 1.7358,                 1.5871,               0.009835,               0.009835,               0.009835
                      7,                 1.5022,                 1.6147,                 1.4764,                  0.552,                0.57101,                0.54742,                0.29359,                 1.5397,                 1.7978,                 1.4715,               0.009802,               0.009802,               0.009802
                      8,                 1.4894,                 1.5628,                 1.4646,                0.55153,                0.47583,                0.49895,                0.23534,                 1.7506,                 1.7716,                 1.6927,               0.009769,               0.009769,               0.009769
                      9,                 1.4775,                 1.5308,                 1.4508,                0.56314,                0.59712,                0.58536,                0.30451,                 1.5535,                 1.5908,                 1.4821,               0.009736,               0.009736,               0.009736
                     10,                 1.4538,                 1.5053,                 1.4448,                0.69769,                0.55086,                0.66235,                0.35418,                 1.4683,                 1.3255,                 1.4402,               0.009703,               0.009703,               0.009703
                     11,                  1.422,                 1.4403,                 1.4214,                0.51673,                0.42455,                0.47505,                0.25538,                 1.5717,                 1.7145,                  1.515,                0.00967,                0.00967,                0.00967
                     12,                 1.4296,                 1.4277,                 1.4238,                0.64285,                0.61567,                0.64193,                0.33194,                 1.5334,                 1.3467,                 1.4661,               0.009637,               0.009637,               0.009637
                     13,                 1.4062,                 1.3919,                 1.4063,                0.70573,                0.67232,                0.72363,                  0.405,                 1.3895,                 1.2222,                 1.3186,               0.009604,               0.009604,               0.009604
                     14,                 1.4011,                 1.3449,                 1.3963,                0.71902,                0.64869,                0.70963,                0.39795,                 1.4267,                 1.1836,                 1.3667,               0.009571,               0.009571,               0.009571
                     15,                 1.3811,                 1.3266,                 1.3872,                0.61121,                0.64795,                0.65487,                0.36133,                 1.4893,                 1.2443,                 1.4239,               0.009538,               0.009538,               0.009538
                     16,                 1.3677,                 1.2868,                 1.3703,                0.74134,                0.67745,                0.74883,                0.43333,                 1.3666,                 1.1582,                 1.3184,               0.009505,               0.009505,               0.009505
                     17,                 1.3562,                 1.2895,                 1.3599,                0.69297,                0.66804,                0.71815,                0.39469,                 1.4177,                 1.1903,                 1.3423,               0.009472,               0.009472,               0.009472
                     18,                 1.3441,                  1.261,                 1.3605,                 0.7034,                0.71083,                0.74903,                0.43431,                 1.3951,                  1.193,                 1.3396,               0.009439,               0.009439,               0.009439
                     19,                 1.3321,                 1.2454,                 1.3487,                0.73683,                0.65659,                0.72878,                 0.4246,                 1.3408,                 1.1229,                 1.3033,               0.009406,               0.009406,               0.009406
                     20,                  1.328,                 1.2244,                 1.3462,                0.69754,                0.65906,                0.72549,                0.40758,                 1.3438,                  1.182,                 1.3063,               0.009373,               0.009373,               0.009373
                     21,                 1.3197,                 1.1894,                 1.3316,                0.71154,                0.64326,                0.71186,                 0.4214,                 1.3546,                 1.1386,                 1.3005,                0.00934,                0.00934,                0.00934
                     22,                 1.3104,                 1.1954,                 1.3329,                0.75631,                0.72307,                0.78039,                 0.4267,                 1.3928,                  1.072,                 1.3135,               0.009307,               0.009307,               0.009307
                     23,                 1.2988,                 1.1773,                 1.3226,                0.72608,                0.77231,                0.81525,                 0.4811,                 1.3066,                0.99372,                 1.2501,               0.009274,               0.009274,               0.009274
                     24,                 1.2843,                 1.1483,                 1.3149,                0.77201,                0.74619,                  0.803,                0.48771,                 1.2733,                0.95474,                 1.2455,               0.009241,               0.009241,               0.009241
                     25,                 1.2805,                 1.1254,                 1.3082,                 0.7147,                0.76696,                0.80256,                0.47025,                 1.3391,                 1.0102,                 1.3169,               0.009208,               0.009208,               0.009208
                     26,                 1.2641,                 1.0917,                 1.2954,                0.69207,                0.79589,                0.80883,                0.48186,                 1.3221,                0.98819,                  1.313,               0.009175,               0.009175,               0.009175
                     27,                 1.2633,                 1.1154,                 1.2968,                0.73705,                0.71101,                0.78654,                0.46496,                 1.3121,                  1.066,                 1.2461,               0.009142,               0.009142,               0.009142
                     28,                 1.2579,                  1.091,                 1.2908,                0.70807,                0.75073,                 0.7834,                0.45569,                 1.3531,                 1.0176,                 1.2828,               0.009109,               0.009109,               0.009109
                     29,                  1.243,                 1.0738,                 1.2846,                0.71964,                0.70548,                0.77546,                0.47561,                 1.2666,                 1.0253,                 1.2453,               0.009076,               0.009076,               0.009076
                     30,                 1.2267,                 1.0628,                 1.2822,                0.81641,                0.78682,                0.85275,                0.52676,                 1.2464,                0.86155,                 1.2305,               0.009043,               0.009043,               0.009043
                     31,                 1.2317,                 1.0581,                 1.2818,                0.77005,                0.76554,                 0.8333,                 0.5076,                 1.2843,                0.87795,                 1.2426,                0.00901,                0.00901,                0.00901
                     32,                 1.2244,                 1.0385,                  1.275,                0.75783,                0.76534,                0.81396,                0.49351,                 1.3174,                0.97364,                 1.2482,               0.008977,               0.008977,               0.008977
                     33,                 1.2172,                 1.0277,                 1.2639,                0.77178,                0.79126,                0.84972,                 0.5142,                 1.2461,                0.87024,                 1.2165,               0.008944,               0.008944,               0.008944
                     34,                 1.2057,                 1.0191,                 1.2613,                 0.7611,                0.73666,                 0.8078,                0.47244,                 1.3382,                0.98339,                 1.2978,               0.008911,               0.008911,               0.008911
                     35,                 1.2024,                 1.0239,                 1.2579,                0.72634,                0.73149,                 0.7714,                0.45829,                 1.2736,                 1.0203,                 1.2735,               0.008878,               0.008878,               0.008878
                     36,                 1.2047,                 1.0034,                   1.26,                0.77943,                0.71689,                0.80357,                0.47774,                 1.3322,                 1.0265,                 1.2683,               0.008845,               0.008845,               0.008845
                     37,                 1.2038,                 1.0127,                 1.2574,                0.80175,                0.83745,                0.86788,                 0.5293,                 1.2117,                0.86084,                 1.2082,               0.008812,               0.008812,               0.008812
                     38,                 1.1928,                0.99388,                 1.2549,                0.79223,                0.78095,                0.83988,                0.53452,                 1.2277,                0.89588,                 1.1847,               0.008779,               0.008779,               0.008779
                     39,                 1.1818,                0.99039,                 1.2562,                0.79416,                0.81535,                0.85471,                0.52744,                 1.1962,                0.80412,                 1.1728,               0.008746,               0.008746,               0.008746
                     40,                 1.1803,                0.97868,                 1.2396,                0.83251,                 0.7572,                0.84986,                0.53889,                 1.2178,                0.84173,                 1.1875,               0.008713,               0.008713,               0.008713
                     41,                 1.1681,                0.96806,                 1.2312,                0.81265,                0.81475,                0.85259,                0.53106,                 1.2419,                0.85682,                 1.2392,                0.00868,                0.00868,                0.00868
                     42,                 1.1558,                0.95747,                 1.2319,                0.82779,                0.76494,                0.84282,                0.53743,                 1.1881,                0.91034,                 1.1998,               0.008647,               0.008647,               0.008647
                     43,                 1.1535,                0.94726,                 1.2284,                0.83454,                0.76565,                0.86362,                0.54277,                   1.23,                0.80494,                 1.1834,               0.008614,               0.008614,               0.008614
                     44,                 1.1415,                0.93087,                 1.2139,                0.81347,                0.76406,                0.85722,                0.55014,                 1.1999,                0.83327,                 1.1969,               0.008581,               0.008581,               0.008581
                     45,                 1.1482,                0.94271,                 1.2204,                  0.856,                0.78594,                0.85077,                0.53311,                 1.2189,                0.82095,                 1.1986,               0.008548,               0.008548,               0.008548
                     46,                 1.1471,                0.92534,                 1.2117,                0.83431,                0.82401,                0.87064,                0.54898,                 1.2277,                0.79687,                  1.213,               0.008515,               0.008515,               0.008515
                     47,                 1.1223,                0.90753,                 1.2098,                0.79552,                0.81807,                 0.8579,                0.51907,                 1.2464,                0.79419,                 1.2242,               0.008482,               0.008482,               0.008482
                     48,                 1.1254,                0.90281,                 1.2075,                0.84412,                0.76788,                0.86245,                0.49654,                   1.36,                0.89165,                 1.3014,               0.008449,               0.008449,               0.008449
                     49,                 1.1205,                0.89595,                 1.2069,                0.87012,                0.81411,                0.89785,                0.57947,                 1.1292,                0.72334,                 1.1444,               0.008416,               0.008416,               0.008416
                     50,                 1.1208,                0.87134,                 1.2074,                0.83054,                0.77493,                0.87182,                 0.5464,                 1.1975,                 0.7681,                 1.1715,               0.008383,               0.008383,               0.008383
                     51,                 1.1222,                0.89068,                 1.1989,                0.78844,                0.75587,                0.81229,                0.50004,                 1.2137,                0.93601,                 1.1788,                0.00835,                0.00835,                0.00835
                     52,                 1.1109,                0.86787,                 1.1931,                0.77961,                0.86199,                0.86759,                0.54253,                 1.1708,                0.80804,                 1.1751,               0.008317,               0.008317,               0.008317
                     53,                  1.108,                0.87654,                  1.195,                0.82643,                0.77493,                0.86734,                0.55243,                 1.2285,                0.76967,                 1.1863,               0.008284,               0.008284,               0.008284
                     54,                 1.1156,                0.87986,                 1.1996,                0.83643,                0.78742,                0.86597,                0.54383,                 1.1988,                0.80674,                 1.1636,               0.008251,               0.008251,               0.008251
                     55,                  1.097,                0.86378,                 1.1941,                0.84804,                0.78299,                0.86515,                0.56899,                 1.1484,                0.81294,                 1.1437,               0.008218,               0.008218,               0.008218
                     56,                 1.0977,                0.85706,                 1.1877,                 0.8061,                0.84581,                 0.8954,                0.58682,                 1.1489,                0.75144,                 1.1386,               0.008185,               0.008185,               0.008185
                     57,                 1.0931,                0.85045,                 1.1801,                0.84146,                0.82028,                0.87557,                0.55239,                 1.2383,                0.77665,                 1.2003,               0.008152,               0.008152,               0.008152
                     58,                 1.0877,                0.85122,                  1.187,                0.82579,                0.83621,                0.88227,                 0.5683,                 1.1668,                0.76239,                   1.17,               0.008119,               0.008119,               0.008119
                     59,                 1.0882,                0.84453,                 1.1831,                0.84281,                0.84156,                0.90054,                0.57239,                 1.1947,                0.74876,                 1.1543,               0.008086,               0.008086,               0.008086
                     60,                 1.0744,                0.84799,                 1.1852,                0.83783,                0.82297,                 0.8722,                0.57586,                 1.1899,                0.78127,                 1.1833,               0.008053,               0.008053,               0.008053
                     61,                 1.0779,                 0.8328,                 1.1748,                0.81777,                0.85687,                0.89639,                0.57949,                 1.1563,                0.69063,                 1.1492,                0.00802,                0.00802,                0.00802
                     62,                 1.0734,                0.83316,                 1.1814,                0.84236,                0.84961,                0.88123,                0.55876,                 1.1804,                0.75887,                 1.1617,               0.007987,               0.007987,               0.007987
                     63,                 1.0641,                0.82446,                   1.17,                0.83341,                0.81039,                0.88537,                0.55922,                 1.2148,                0.77866,                  1.212,               0.007954,               0.007954,               0.007954
                     64,                 1.0615,                0.81818,                  1.171,                0.82905,                0.77707,                0.86647,                0.55605,                 1.1918,                0.78802,                 1.1928,               0.007921,               0.007921,               0.007921
                     65,                 1.0705,                0.81971,                 1.1663,                0.83025,                0.83364,                0.88932,                0.57592,                 1.1255,                0.73264,                 1.1201,               0.007888,               0.007888,               0.007888
                     66,                 1.0548,                0.81198,                 1.1619,                0.88995,                0.83591,                0.89808,                0.59378,                 1.1548,                0.71837,                 1.1455,               0.007855,               0.007855,               0.007855
                     67,                 1.0586,                0.80484,                 1.1679,                0.83472,                0.82008,                  0.882,                0.59384,                 1.1407,                0.73103,                 1.1312,               0.007822,               0.007822,               0.007822
                     68,                 1.0593,                0.80201,                 1.1608,                0.84801,                0.84437,                0.89486,                0.60638,                  1.137,                0.67646,                 1.1166,               0.007789,               0.007789,               0.007789
                     69,                 1.0389,                0.79159,                 1.1542,                0.88326,                0.83763,                0.90012,                0.59705,                 1.1435,                0.68576,                 1.1417,               0.007756,               0.007756,               0.007756
                     70,                 1.0473,                0.79625,                 1.1578,                0.84215,                0.86121,                0.92138,                0.61204,                 1.1059,                0.66398,                 1.1195,               0.007723,               0.007723,               0.007723
                     71,                  1.033,                0.77943,                 1.1496,                0.83447,                0.87153,                0.91476,                0.60354,                 1.1341,                0.67847,                 1.1458,                0.00769,                0.00769,                0.00769
                     72,                 1.0356,                0.79178,                 1.1546,                0.85198,                0.84653,                0.91714,                0.60315,                 1.1475,                0.70819,                 1.1595,               0.007657,               0.007657,               0.007657
                     73,                   1.03,                0.79153,                 1.1484,                0.83926,                0.85286,                0.91329,                0.60264,                 1.1369,                0.69872,                  1.141,               0.007624,               0.007624,               0.007624
                     74,                 1.0231,                0.77313,                 1.1422,                0.85135,                0.84831,                0.90295,                0.59926,                 1.1593,                 0.7052,                 1.1552,               0.007591,               0.007591,               0.007591
                     75,                  1.014,                0.76661,                 1.1409,                0.83391,                0.89775,                0.92413,                0.60982,                 1.0941,                 0.6585,                 1.0953,               0.007558,               0.007558,               0.007558
                     76,                 1.0143,                0.77635,                 1.1378,                 0.8023,                0.84623,                0.90343,                0.60029,                 1.0971,                  0.677,                 1.1037,               0.007525,               0.007525,               0.007525
                     77,                 1.0144,                  0.768,                 1.1407,                0.83461,                0.89779,                0.92524,                0.60521,                 1.1268,                0.66835,                 1.1361,               0.007492,               0.007492,               0.007492
                     78,                 1.0137,                0.74988,                 1.1397,                0.84382,                0.83994,                 0.8961,                0.59264,                 1.1568,                0.67867,                 1.1642,               0.007459,               0.007459,               0.007459
                     79,                 1.0052,                0.76017,                 1.1358,                0.83716,                0.87934,                0.91105,                0.61397,                 1.0625,                0.63408,                 1.0847,               0.007426,               0.007426,               0.007426
                     80,                 1.0035,                0.76168,                 1.1378,                0.85955,                0.88136,                0.91888,                0.59714,                 1.1034,                0.65005,                 1.1369,               0.007393,               0.007393,               0.007393
                     81,                0.99877,                0.73955,                  1.123,                0.87797,                0.84176,                0.90176,                0.60326,                 1.1124,                0.67434,                 1.1154,                0.00736,                0.00736,                0.00736
                     82,                 1.0093,                0.75919,                 1.1343,                0.87572,                0.85555,                0.91355,                0.61356,                 1.1031,                0.66492,                 1.1099,               0.007327,               0.007327,               0.007327
                     83,                0.99171,                0.73982,                 1.1264,                 0.8563,                0.84437,                0.90299,                0.61729,                 1.0612,                0.63912,                 1.0807,               0.007294,               0.007294,               0.007294
                     84,                0.99826,                0.74598,                 1.1274,                0.90754,                0.83943,                0.91995,                0.61985,                 1.1385,                0.63727,                 1.1382,               0.007261,               0.007261,               0.007261
                     85,                0.99098,                0.73879,                 1.1293,                0.84085,                0.83996,                0.90334,                0.59495,                  1.117,                0.65139,                 1.1178,               0.007228,               0.007228,               0.007228
                     86,                0.99457,                 0.7392,                 1.1293,                0.87672,                0.85652,                0.91779,                0.62417,                 1.0656,                 0.6179,                 1.0848,               0.007195,               0.007195,               0.007195
                     87,                0.97991,                 0.7283,                 1.1237,                0.85807,                0.82863,                0.91031,                 0.6171,                 1.0914,                0.64428,                 1.1085,               0.007162,               0.007162,               0.007162
                     88,                0.98436,                0.72289,                 1.1202,                 0.8575,                0.86484,                0.91191,                0.61034,                  1.103,                0.65752,                 1.1216,               0.007129,               0.007129,               0.007129
                     89,                0.99368,                0.72962,                 1.1219,                 0.8819,                 0.8747,                0.92374,                0.62561,                 1.1081,                0.61886,                 1.1068,               0.007096,               0.007096,               0.007096
                     90,                0.97774,                0.72571,                 1.1245,                0.83774,                0.86454,                0.91024,                0.61305,                 1.0973,                0.65058,                 1.1054,               0.007063,               0.007063,               0.007063
                     91,                0.97187,                0.71351,                 1.1161,                0.89525,                0.84104,                0.91872,                0.62555,                 1.0908,                0.64358,                 1.1579,                0.00703,                0.00703,                0.00703
                     92,                0.96867,                0.71878,                 1.1157,                0.85799,                0.87951,                0.93171,                0.64252,                 1.0553,                0.60533,                 1.1036,               0.006997,               0.006997,               0.006997
                     93,                0.96332,                0.69812,                 1.1083,                0.88344,                0.85014,                0.91363,                0.62559,                 1.1063,                0.63394,                 1.1213,               0.006964,               0.006964,               0.006964
                     94,                0.95217,                0.69728,                 1.1068,                0.88861,                 0.8729,                 0.9325,                0.63671,                 1.0698,                0.60383,                 1.1032,               0.006931,               0.006931,               0.006931
                     95,                0.95946,                0.70001,                  1.112,                0.90718,                0.84093,                0.91764,                0.63221,                 1.0936,                0.61963,                 1.1062,               0.006898,               0.006898,               0.006898
                     96,                0.96762,                0.70528,                 1.1083,                0.86468,                0.85737,                0.91351,                0.64516,                 1.0439,                0.62316,                 1.0687,               0.006865,               0.006865,               0.006865
                     97,                0.95545,                0.70509,                 1.1021,                0.82306,                 0.8762,                0.89479,                0.61234,                 1.0561,                0.64074,                 1.0863,               0.006832,               0.006832,               0.006832
                     98,                0.94006,                0.70157,                 1.0976,                0.87496,                0.84342,                0.91509,                0.63956,                 1.0315,                0.61013,                 1.0705,               0.006799,               0.006799,               0.006799
                     99,                0.95098,                0.69335,                 1.1082,                0.89034,                0.86688,                0.91958,                0.63592,                 1.0762,                0.60525,                 1.0788,               0.006766,               0.006766,               0.006766
                    100,                0.93828,                0.68865,                 1.1023,                0.91704,                0.84322,                0.92476,                0.65277,                  1.048,                0.59386,                 1.0748,               0.006733,               0.006733,               0.006733
                    101,                0.93361,                0.68494,                 1.0954,                0.90261,                0.82555,                0.91601,                0.64242,                 1.0553,                0.61156,                 1.1037,                 0.0067,                 0.0067,                 0.0067
                    102,                0.93599,                 0.6814,                  1.097,                0.88463,                 0.8779,                0.92705,                0.64128,                 1.0359,                0.58425,                 1.0829,               0.006667,               0.006667,               0.006667
                    103,                0.93716,                0.68377,                 1.0962,                0.88335,                0.88156,                0.91669,                0.63442,                  1.079,                0.62248,                 1.0935,               0.006634,               0.006634,               0.006634
                    104,                0.92601,                0.67875,                 1.0985,                0.87057,                 0.8797,                0.91879,                0.63158,                 1.0552,                0.60383,                 1.1162,               0.006601,               0.006601,               0.006601
                    105,                0.93403,                0.68596,                 1.0975,                0.88041,                0.89884,                0.91204,                0.63476,                 1.0448,                0.59706,                 1.0923,               0.006568,               0.006568,               0.006568
                    106,                0.93078,                0.67685,                 1.0974,                0.89185,                  0.886,                0.92423,                0.64729,                0.99547,                0.58293,                 1.0282,               0.006535,               0.006535,               0.006535
                    107,                0.92148,                 0.6634,                 1.0903,                0.92137,                0.86254,                0.93078,                0.64838,                0.99993,                0.56849,                 1.0514,               0.006502,               0.006502,               0.006502
                    108,                0.92959,                0.67406,                 1.0987,                0.88673,                0.86753,                0.92285,                0.64378,                 1.0613,                0.62003,                 1.0981,               0.006469,               0.006469,               0.006469
                    109,                0.92198,                0.67037,                  1.089,                0.86743,                0.89845,                0.92257,                0.63566,                 1.0597,                0.58444,                  1.079,               0.006436,               0.006436,               0.006436
                    110,                0.91967,                0.65679,                 1.0856,                0.84733,                0.90305,                0.92043,                0.63695,                 1.0129,                0.59768,                 1.0779,               0.006403,               0.006403,               0.006403
                    111,                0.92226,                0.66633,                 1.0879,                0.88147,                0.88526,                0.93077,                0.64525,                  1.048,                0.56663,                 1.0756,                0.00637,                0.00637,                0.00637
                    112,                0.91072,                0.65619,                  1.091,                 0.8869,                0.85687,                0.92572,                0.64553,                 1.0609,                0.61057,                 1.0982,               0.006337,               0.006337,               0.006337
                    113,                0.91697,                0.65909,                 1.0893,                0.86814,                0.91416,                  0.933,                0.64704,                 1.0217,                0.58024,                 1.0593,               0.006304,               0.006304,               0.006304
                    114,                0.91515,                0.65171,                 1.0853,                0.85733,                0.91001,                0.92668,                0.63317,                 1.0547,                0.57677,                 1.0777,               0.006271,               0.006271,               0.006271
                    115,                0.91272,                0.65446,                 1.0855,                0.88345,                 0.8854,                0.92232,                0.63955,                 1.0073,                 0.5513,                  1.059,               0.006238,               0.006238,               0.006238
                    116,                0.90852,                0.65197,                 1.0845,                0.88518,                0.88026,                0.93265,                0.63838,                 1.0872,                0.57007,                 1.1077,               0.006205,               0.006205,               0.006205
                    117,                0.89878,                0.64711,                 1.0751,                0.87639,                0.89443,                0.92223,                0.62632,                 1.0969,                0.58812,                 1.1313,               0.006172,               0.006172,               0.006172
                    118,                0.89311,                0.64361,                 1.0773,                0.91647,                0.88817,                 0.9349,                0.65241,                 1.0705,                0.58394,                 1.0835,               0.006139,               0.006139,               0.006139
                    119,                0.89186,                0.64772,                 1.0791,                0.86624,                 0.8851,                0.92994,                0.65061,                 1.0496,                0.57078,                 1.0629,               0.006106,               0.006106,               0.006106
                    120,                0.89851,                0.64213,                 1.0795,                0.90708,                0.86744,                0.91873,                0.62799,                 1.1172,                0.60875,                 1.1079,               0.006073,               0.006073,               0.006073
                    121,                0.89713,                0.63588,                 1.0771,                0.86222,                 0.8606,                0.91653,                0.62777,                 1.1035,                0.59433,                 1.1255,                0.00604,                0.00604,                0.00604
                    122,                0.88949,                0.63281,                 1.0711,                0.88202,                0.84841,                 0.9224,                0.63847,                 1.0422,                0.57858,                 1.0727,               0.006007,               0.006007,               0.006007
                    123,                0.88935,                0.63652,                 1.0749,                0.89237,                 0.8816,                0.93177,                0.64714,                 1.0742,                0.58351,                 1.1053,               0.005974,               0.005974,               0.005974
                    124,                0.87684,                0.62184,                 1.0666,                0.90141,                0.89006,                0.92829,                0.64024,                 1.0704,                0.56254,                 1.1076,               0.005941,               0.005941,               0.005941
                    125,                0.88395,                0.62802,                  1.071,                0.88837,                0.87511,                0.92422,                0.65149,                 1.0524,                0.58826,                  1.114,               0.005908,               0.005908,               0.005908
                    126,                0.87884,                0.62178,                 1.0709,                0.90087,                0.88232,                0.94166,                0.65288,                 1.0523,                 0.5469,                 1.1053,               0.005875,               0.005875,               0.005875
                    127,                0.88263,                0.63119,                 1.0692,                0.90093,                 0.8729,                0.93245,                0.64655,                 1.0286,                0.55691,                 1.0767,               0.005842,               0.005842,               0.005842
                    128,                0.88186,                0.62301,                 1.0711,                0.91218,                0.88117,                0.93437,                 0.6513,                 1.0463,                0.56028,                 1.0957,               0.005809,               0.005809,               0.005809
                    129,                0.87273,                0.61495,                 1.0625,                0.91386,                0.87288,                0.93659,                0.64741,                 1.0591,                0.55043,                 1.1004,               0.005776,               0.005776,               0.005776
                    130,                0.87039,                0.62146,                  1.067,                0.91331,                0.88191,                0.93332,                0.65331,                 1.0348,                 0.5628,                 1.0866,               0.005743,               0.005743,               0.005743
                    131,                0.86935,                0.61502,                 1.0652,                0.92326,                0.85264,                0.93266,                0.64796,                 1.0765,                0.57685,                 1.1224,                0.00571,                0.00571,                0.00571
                    132,                0.86984,                0.61557,                 1.0629,                0.90213,                0.86462,                0.92893,                0.63852,                  1.069,                0.58189,                 1.1139,               0.005677,               0.005677,               0.005677
                    133,                0.87018,                0.61982,                 1.0635,                0.88021,                 0.8771,                0.91517,                 0.6286,                 1.0809,                0.59887,                  1.116,               0.005644,               0.005644,               0.005644
                    134,                0.87369,                0.61465,                 1.0728,                0.90594,                0.86259,                0.91784,                 0.6328,                 1.0885,                0.58341,                 1.1326,               0.005611,               0.005611,               0.005611
                    135,                0.86186,                 0.6144,                 1.0619,                0.90985,                0.87649,                0.93241,                0.65072,                 1.0693,                0.57765,                 1.1309,               0.005578,               0.005578,               0.005578
                    136,                0.86921,                0.60848,                 1.0609,                0.89982,                0.85776,                0.92471,                 0.6389,                  1.053,                0.59009,                 1.0839,               0.005545,               0.005545,               0.005545
                    137,                0.86694,                0.61172,                 1.0671,                0.90299,                0.86494,                 0.9229,                0.63382,                 1.0702,                0.59142,                 1.1157,               0.005512,               0.005512,               0.005512
                    138,                0.85358,                0.60812,                 1.0579,                0.90186,                0.87443,                0.92621,                0.64153,                 1.0583,                 0.5948,                 1.1135,               0.005479,               0.005479,               0.005479
                    139,                0.86274,                0.61357,                 1.0592,                0.89497,                0.90495,                0.94298,                0.65088,                 1.0774,                0.56419,                  1.137,               0.005446,               0.005446,               0.005446
                    140,                0.85666,                 0.6013,                 1.0598,                0.88799,                 0.8855,                0.93724,                0.64882,                 1.0809,                0.55968,                 1.1215,               0.005413,               0.005413,               0.005413
                    141,                0.84807,                0.60407,                 1.0578,                 0.8753,                0.88733,                0.92756,                0.65196,                 1.0597,                0.56211,                 1.0842,                0.00538,                0.00538,                0.00538
                    142,                0.84705,                 0.6012,                 1.0547,                0.91341,                 0.8674,                0.93023,                0.65036,                 1.0543,                0.57638,                 1.0955,               0.005347,               0.005347,               0.005347
                    143,                0.85946,                0.59425,                 1.0631,                0.88791,                0.91553,                0.93279,                0.64626,                 1.0598,                0.55517,                 1.1164,               0.005314,               0.005314,               0.005314
                    144,                0.84424,                0.59427,                 1.0566,                0.91804,                 0.8712,                0.92787,                0.64179,                 1.0881,                0.57204,                 1.1259,               0.005281,               0.005281,               0.005281
                    145,                0.84608,                0.59586,                 1.0585,                 0.8881,                0.90999,                0.92785,                0.64302,                 1.0756,                0.57734,                 1.1342,               0.005248,               0.005248,               0.005248
                    146,                 0.8357,                0.58601,                 1.0508,                0.87819,                0.90576,                0.92866,                0.64856,                 1.0788,                0.57523,                 1.1575,               0.005215,               0.005215,               0.005215
                    147,                0.82824,                0.58439,                 1.0521,                0.87494,                0.90999,                0.93276,                0.64402,                 1.0961,                0.57425,                 1.1428,               0.005182,               0.005182,               0.005182
                    148,                0.83506,                0.58401,                 1.0426,                0.88513,                0.89441,                0.93327,                0.64788,                 1.0629,                0.56993,                 1.1005,               0.005149,               0.005149,               0.005149
                    149,                0.82708,                0.58089,                  1.042,                0.89467,                0.87723,                 0.9194,                0.63952,                 1.0648,                0.57829,                 1.1061,               0.005116,               0.005116,               0.005116
                    150,                0.84722,                 0.5912,                   1.06,                  0.919,                0.84154,                0.91801,                0.64066,                 1.0485,                0.59185,                 1.1071,               0.005083,               0.005083,               0.005083
                    151,                0.82514,                0.57732,                 1.0424,                0.89082,                0.90899,                0.93783,                0.65875,                 1.0676,                0.55784,                 1.1099,                0.00505,                0.00505,                0.00505
                    152,                0.82951,                0.57547,                 1.0485,                0.88709,                0.90586,                 0.9284,                0.64261,                 1.0821,                0.58332,                 1.1336,               0.005017,               0.005017,               0.005017
                    153,                0.83408,                0.57652,                 1.0472,                0.90148,                0.89749,                0.93608,                0.65648,                 1.0737,                0.56264,                 1.1097,               0.004984,               0.004984,               0.004984
                    154,                0.83189,                 0.5847,                 1.0474,                0.88362,                0.89857,                0.92521,                0.63925,                 1.0688,                0.58137,                 1.0941,               0.004951,               0.004951,               0.004951
                    155,                0.82956,                 0.5832,                 1.0466,                0.90164,                0.88645,                0.91738,                0.64347,                 1.0354,                0.57211,                  1.097,               0.004918,               0.004918,               0.004918
                    156,                 0.8279,                0.57388,                 1.0429,                0.92336,                0.87591,                0.93261,                0.65479,                 1.0567,                0.55584,                 1.1237,               0.004885,               0.004885,               0.004885
                    157,                0.83092,                0.58127,                 1.0489,                0.88177,                0.91143,                 0.9314,                0.65772,                 1.0627,                0.56711,                 1.1249,               0.004852,               0.004852,               0.004852
                    158,                0.80869,                0.56248,                 1.0394,                0.90522,                0.86182,                0.91957,                0.65364,                 1.0524,                0.58171,                 1.1071,               0.004819,               0.004819,               0.004819
                    159,                 0.8275,                0.57434,                 1.0461,                0.89123,                0.88355,                 0.9316,                0.65806,                  1.047,                 0.5612,                 1.1098,               0.004786,               0.004786,               0.004786
                    160,                 0.8262,                 0.5724,                 1.0442,                0.88613,                0.87733,                0.91951,                 0.6486,                 1.0527,                0.57663,                 1.1016,               0.004753,               0.004753,               0.004753
                    161,                0.82159,                 0.5692,                 1.0445,                0.88755,                0.88131,                0.92412,                0.64901,                  1.055,                  0.576,                 1.1166,                0.00472,                0.00472,                0.00472
                    162,                0.81486,                0.56438,                  1.041,                0.91804,                0.87888,                0.93008,                0.65938,                 1.0546,                0.55892,                 1.1178,               0.004687,               0.004687,               0.004687
                    163,                0.80862,                0.55981,                 1.0348,                0.90946,                0.87442,                 0.9296,                0.65553,                 1.0612,                0.56608,                 1.1319,               0.004654,               0.004654,               0.004654
                    164,                0.81164,                0.56056,                 1.0359,                0.91207,                0.87163,                0.92273,                0.64368,                 1.0615,                0.57714,                 1.1265,               0.004621,               0.004621,               0.004621
                    165,                0.80693,                0.55319,                  1.036,                 0.8892,                0.90462,                0.92097,                0.64798,                 1.0716,                0.57263,                 1.1418,               0.004588,               0.004588,               0.004588
                    166,                0.81029,                0.55966,                 1.0356,                 0.9064,                0.89915,                 0.9278,                0.65612,                 1.0658,                0.56963,                 1.1401,               0.004555,               0.004555,               0.004555
                    167,                0.79898,                0.55527,                 1.0317,                0.90963,                0.88126,                0.91867,                0.64953,                 1.0374,                0.56288,                 1.1084,               0.004522,               0.004522,               0.004522
                    168,                0.79575,                0.54771,                 1.0316,                0.92525,                0.89077,                0.92325,                0.65233,                  1.067,                0.55463,                 1.1294,               0.004489,               0.004489,               0.004489
                    169,                 0.8093,                0.56507,                 1.0356,                0.89129,                0.90596,                0.93373,                0.66024,                 1.0649,                0.55922,                   1.11,               0.004456,               0.004456,               0.004456
                    170,                0.79153,                0.54352,                 1.0295,                0.89634,                0.90456,                0.93108,                0.65194,                 1.0655,                0.55472,                 1.0937,               0.004423,               0.004423,               0.004423
                    171,                0.79219,                 0.5365,                 1.0253,                 0.9146,                0.91786,                0.93946,                0.64761,                 1.0766,                0.54724,                 1.1167,                0.00439,                0.00439,                0.00439
                    172,                0.78908,                0.54571,                 1.0287,                0.91335,                0.89336,                0.94421,                0.65413,                 1.0788,                0.55414,                 1.1142,               0.004357,               0.004357,               0.004357
                    173,                0.79389,                0.54615,                 1.0311,                0.90666,                0.92107,                0.94192,                0.65802,                 1.0721,                 0.5458,                 1.1203,               0.004324,               0.004324,               0.004324
                    174,                0.80084,                0.54686,                 1.0323,                0.90975,                0.89546,                0.93762,                0.65193,                 1.0606,                0.55771,                 1.1001,               0.004291,               0.004291,               0.004291
                    175,                0.79006,                0.53485,                 1.0265,                0.91244,                0.90946,                 0.9352,                0.65979,                 1.0729,                0.55318,                 1.1126,               0.004258,               0.004258,               0.004258
                    176,                 0.7833,                0.54158,                 1.0221,                0.90411,                0.91156,                0.93254,                0.65512,                 1.0695,                0.55938,                 1.1014,               0.004225,               0.004225,               0.004225
                    177,                0.77374,                0.54111,                  1.024,                0.91269,                0.89111,                0.93411,                0.65283,                 1.0799,                0.55062,                 1.1266,               0.004192,               0.004192,               0.004192
                    178,                 0.7844,                0.54456,                 1.0234,                0.88039,                0.92612,                0.93873,                0.65712,                  1.083,                0.54864,                  1.137,               0.004159,               0.004159,               0.004159
                    179,                0.78474,                0.53951,                   1.03,                 0.8977,                0.92391,                0.93404,                0.65493,                 1.0751,                0.56222,                 1.1207,               0.004126,               0.004126,               0.004126
                    180,                0.78239,                0.53677,                 1.0256,                0.88694,                0.93025,                0.93171,                 0.6515,                 1.0751,                0.56034,                 1.1341,               0.004093,               0.004093,               0.004093
                    181,                0.76749,                0.52351,                  1.021,                0.88123,                0.92547,                0.92967,                0.65237,                 1.0698,                 0.5444,                 1.1303,                0.00406,                0.00406,                0.00406
                    182,                0.77392,                0.53106,                 1.0197,                 0.8869,                0.92414,                0.93052,                0.66026,                  1.072,                0.56495,                 1.1252,               0.004027,               0.004027,               0.004027
                    183,                0.77364,                0.52795,                   1.02,                0.89324,                 0.9042,                0.93683,                0.65682,                 1.0575,                 0.5467,                 1.1197,               0.003994,               0.003994,               0.003994
                    184,                0.77111,                0.53058,                 1.0179,                0.88551,                0.89968,                0.93643,                 0.6552,                 1.0674,                0.56473,                 1.1284,               0.003961,               0.003961,               0.003961
                    185,                0.77302,                0.52852,                 1.0182,                0.86729,                0.92033,                0.93112,                0.65158,                 1.0734,                0.55817,                 1.1354,               0.003928,               0.003928,               0.003928
                    186,                0.75836,                0.51261,                 1.0148,                0.91329,                0.86877,                 0.9308,                0.65107,                 1.0811,                0.56058,                 1.1397,               0.003895,               0.003895,               0.003895
                    187,                0.76652,                0.52261,                 1.0161,                0.91385,                0.88117,                0.92988,                0.65535,                  1.081,                 0.5616,                 1.1309,               0.003862,               0.003862,               0.003862
                    188,                0.76724,                0.52505,                 1.0146,                0.88303,                0.89124,                 0.9271,                0.66002,                 1.0642,                 0.5647,                 1.1183,               0.003829,               0.003829,               0.003829
                    189,                0.77323,                0.52451,                  1.023,                0.88809,                0.89759,                0.93086,                 0.6628,                 1.0619,                0.56827,                 1.0988,               0.003796,               0.003796,               0.003796
                    190,                0.76113,                0.51916,                 1.0158,                0.88586,                0.89759,                0.92509,                0.65508,                 1.0636,                0.57301,                 1.1111,               0.003763,               0.003763,               0.003763
                    191,                0.75962,                0.51691,                 1.0151,                0.88155,                0.90183,                0.92034,                 0.6508,                 1.0475,                0.56978,                 1.1073,                0.00373,                0.00373,                0.00373
                    192,                0.75635,                0.52543,                 1.0147,                0.88498,                0.90989,                0.92335,                0.65723,                 1.0639,                0.55988,                 1.1245,               0.003697,               0.003697,               0.003697
                    193,                0.75365,                0.51739,                  1.014,                0.89644,                0.90683,                0.93175,                0.66006,                 1.0658,                0.56036,                 1.1273,               0.003664,               0.003664,               0.003664
                    194,                0.76237,                0.52614,                 1.0177,                0.90812,                0.88076,                0.93168,                0.65595,                 1.0847,                 0.5615,                 1.1438,               0.003631,               0.003631,               0.003631
                    195,                0.75744,                0.51423,                 1.0133,                0.89402,                0.90848,                0.92847,                0.65156,                 1.0788,                0.55732,                 1.1511,               0.003598,               0.003598,               0.003598
                    196,                0.75507,                0.51545,                 1.0129,                0.89842,                0.91806,                0.92934,                0.64862,                  1.071,                0.56355,                 1.1484,               0.003565,               0.003565,               0.003565
                    197,                0.75458,                0.51874,                 1.0147,                0.91105,                0.89455,                0.92981,                0.64828,                  1.074,                0.56389,                 1.1421,               0.003532,               0.003532,               0.003532
                    198,                0.75406,                0.51624,                 1.0154,                0.91656,                0.92095,                0.93149,                0.65203,                 1.0655,                0.54232,                 1.1352,               0.003499,               0.003499,               0.003499
                    199,                0.74011,                0.49253,                 1.0096,                0.91823,                 0.9196,                0.93455,                0.66045,                 1.0672,                0.54325,                 1.1354,               0.003466,               0.003466,               0.003466
                    200,                0.74689,                0.50106,                 1.0092,                 0.9127,                0.92993,                0.93861,                0.65821,                 1.0499,                0.53353,                 1.1251,               0.003433,               0.003433,               0.003433
                    201,                0.74214,                 0.5011,                 1.0071,                0.92954,                0.92426,                0.93862,                0.66186,                 1.0467,                0.53851,                  1.117,                 0.0034,                 0.0034,                 0.0034
                    202,                0.74054,                0.49529,                 1.0068,                0.92607,                0.92486,                0.93739,                0.66166,                 1.0521,                0.53832,                 1.1223,               0.003367,               0.003367,               0.003367
                    203,                0.74089,                  0.498,                  1.009,                0.93657,                0.91411,                0.93718,                 0.6572,                 1.0645,                0.54011,                 1.1339,               0.003334,               0.003334,               0.003334
                    204,                0.74013,                0.50047,                 1.0032,                0.90714,                0.91923,                0.93833,                0.65232,                 1.0672,                0.54266,                 1.1205,               0.003301,               0.003301,               0.003301
                    205,                0.72699,                0.48398,                0.99724,                 0.9162,                0.92353,                0.94251,                0.65427,                 1.0666,                0.54182,                 1.1152,               0.003268,               0.003268,               0.003268
                    206,                0.72536,                0.48936,                0.99939,                0.92545,                0.91333,                0.94332,                0.66051,                 1.0616,                0.52523,                 1.1163,               0.003235,               0.003235,               0.003235
                    207,                0.72737,                0.48808,                 1.0025,                 0.9161,                0.90576,                0.94268,                0.66098,                 1.0395,                0.52829,                 1.0945,               0.003202,               0.003202,               0.003202
                    208,                0.74003,                0.49904,                 1.0017,                0.91761,                0.90596,                0.94303,                0.66397,                 1.0374,                0.53279,                 1.0933,               0.003169,               0.003169,               0.003169
                    209,                0.72812,                0.49157,                 1.0037,                0.91755,                0.91009,                0.94175,                 0.6576,                 1.0433,                0.54543,                 1.0996,               0.003136,               0.003136,               0.003136
                    210,                0.73031,                0.49932,                 1.0054,                0.90971,                0.89502,                0.93888,                0.65627,                 1.0416,                0.54619,                 1.0991,               0.003103,               0.003103,               0.003103
                    211,                0.72615,                0.49443,                0.99643,                0.90706,                0.90905,                0.94086,                0.65032,                 1.0425,                0.54662,                  1.101,                0.00307,                0.00307,                0.00307
                    212,                0.72512,                0.49248,                 1.0004,                0.91842,                0.90533,                0.93931,                0.65129,                 1.0518,                0.54219,                 1.1165,               0.003037,               0.003037,               0.003037
                    213,                 0.7213,                0.49592,                 1.0017,                0.92268,                0.90566,                0.94238,                0.65687,                  1.062,                0.53673,                   1.13,               0.003004,               0.003004,               0.003004
                    214,                0.72046,                0.49302,                  1.001,                0.92597,                0.90978,                0.94077,                0.65432,                 1.0567,                0.53438,                 1.1262,               0.002971,               0.002971,               0.002971
                    215,                 0.7321,                0.49047,                 1.0063,                0.92579,                0.91327,                0.93616,                0.65477,                 1.0528,                0.53213,                 1.1188,               0.002938,               0.002938,               0.002938
                    216,                0.71731,                0.48568,                0.99305,                 0.9069,                0.92642,                0.93969,                0.65376,                 1.0453,                0.53096,                 1.1096,               0.002905,               0.002905,               0.002905
                    217,                0.71253,                0.48643,                0.99393,                0.90416,                0.92838,                0.93475,                 0.6548,                 1.0398,                0.53046,                 1.1034,               0.002872,               0.002872,               0.002872
                    218,                 0.7062,                0.48301,                0.99406,                0.90935,                0.92477,                0.94066,                 0.6582,                 1.0384,                0.52958,                 1.1031,               0.002839,               0.002839,               0.002839
                    219,                0.71846,                0.47846,                 0.9983,                0.91643,                0.92219,                0.93949,                  0.655,                 1.0515,                0.53536,                 1.1112,               0.002806,               0.002806,               0.002806
                    220,                0.71162,                0.48518,                0.99571,                0.91057,                0.90591,                0.93927,                0.65703,                 1.0554,                 0.5356,                 1.1166,               0.002773,               0.002773,               0.002773
                    221,                0.71221,                0.47706,                0.99566,                0.90666,                0.93184,                0.94116,                0.65809,                  1.052,                0.53174,                  1.122,                0.00274,                0.00274,                0.00274
                    222,                0.70188,                0.47696,                0.99328,                0.93407,                0.91668,                0.94187,                0.66421,                 1.0478,                0.52499,                 1.1186,               0.002707,               0.002707,               0.002707
                    223,                0.71143,                0.48232,                0.99973,                0.92653,                0.91703,                0.94065,                0.66433,                 1.0542,                0.52964,                 1.1234,               0.002674,               0.002674,               0.002674
                    224,                0.69808,                 0.4733,                0.98923,                0.91183,                0.92704,                0.93855,                0.66334,                 1.0559,                0.52858,                 1.1198,               0.002641,               0.002641,               0.002641
                    225,                 0.7048,                0.47889,                0.99238,                0.93588,                0.89745,                0.93819,                0.66463,                 1.0595,                0.53148,                 1.1132,               0.002608,               0.002608,               0.002608
                    226,                0.70067,                 0.4694,                0.98842,                0.92183,                0.89706,                 0.9366,                0.66482,                 1.0576,                0.53358,                 1.1136,               0.002575,               0.002575,               0.002575
                    227,                0.70143,                0.47299,                0.99248,                0.93787,                0.89452,                0.93785,                0.66351,                 1.0591,                0.53519,                 1.1173,               0.002542,               0.002542,               0.002542
                    228,                0.70319,                 0.4713,                0.98903,                 0.9339,                0.89734,                0.93762,                0.66519,                 1.0601,                0.53382,                 1.1122,               0.002509,               0.002509,               0.002509
                    229,                 0.6971,                 0.4703,                0.99123,                0.92169,                0.89759,                0.93867,                 0.6665,                 1.0617,                 0.5339,                 1.1114,               0.002476,               0.002476,               0.002476
                    230,                0.71072,                0.47265,                0.99673,                0.92756,                0.89973,                0.93813,                0.66654,                 1.0604,                0.52914,                 1.1073,               0.002443,               0.002443,               0.002443
                    231,                0.69807,                0.46776,                0.98771,                0.92272,                0.90576,                0.93843,                 0.6628,                 1.0599,                0.52853,                 1.1072,                0.00241,                0.00241,                0.00241
                    232,                0.70391,                0.47017,                0.99553,                0.91471,                0.91493,                0.94209,                0.66214,                 1.0633,                0.52887,                 1.1108,               0.002377,               0.002377,               0.002377
                    233,                0.69256,                0.46209,                 0.9891,                0.91935,                0.90609,                0.94279,                0.65912,                 1.0647,                0.53043,                 1.1119,               0.002344,               0.002344,               0.002344
                    234,                0.68792,                0.46004,                0.99029,                0.92897,                0.90173,                0.94288,                0.66232,                 1.0623,                 0.5318,                 1.1098,               0.002311,               0.002311,               0.002311
                    235,                0.68758,                0.46039,                0.98553,                0.93459,                0.89346,                0.94296,                0.65755,                 1.0594,                0.53194,                 1.1046,               0.002278,               0.002278,               0.002278
                    236,                0.68983,                0.45971,                0.98652,                0.93441,                0.89938,                0.94389,                0.66283,                 1.0602,                0.53133,                 1.1052,               0.002245,               0.002245,               0.002245
                    237,                0.69015,                0.46314,                0.98992,                0.93341,                0.91534,                0.94622,                0.66072,                 1.0618,                0.53007,                 1.1081,               0.002212,               0.002212,               0.002212
                    238,                0.68311,                0.45779,                0.98739,                0.92284,                0.92337,                0.94585,                0.66184,                 1.0628,                0.52839,                 1.1079,               0.002179,               0.002179,               0.002179
                    239,                0.67313,                0.45206,                0.97811,                0.91893,                 0.9236,                0.94412,                0.66003,                 1.0629,                0.52597,                 1.1114,               0.002146,               0.002146,               0.002146
                    240,                0.67719,                0.45571,                0.98426,                0.92272,                0.91371,                0.94367,                0.66104,                 1.0654,                0.52575,                 1.1148,               0.002113,               0.002113,               0.002113
                    241,                0.69182,                0.46083,                0.98943,                0.92242,                0.91717,                0.94607,                 0.6662,                  1.064,                0.52527,                 1.1159,                0.00208,                0.00208,                0.00208
                    242,                0.67787,                 0.4483,                0.98321,                0.91932,                0.90959,                0.94487,                 0.6684,                 1.0653,                0.52707,                 1.1225,               0.002047,               0.002047,               0.002047
                    243,                0.67307,                0.45226,                0.97588,                0.92752,                0.90153,                0.94541,                0.66618,                 1.0663,                0.53117,                 1.1246,               0.002014,               0.002014,               0.002014
                    244,                0.67585,                0.45258,                0.98098,                 0.9205,                0.91362,                0.94516,                 0.6679,                 1.0631,                0.52512,                 1.1299,               0.001981,               0.001981,               0.001981
                    245,                0.67013,                0.44585,                0.97964,                0.91418,                0.91362,                0.94348,                0.66527,                 1.0629,                0.52704,                 1.1343,               0.001948,               0.001948,               0.001948
                    246,                0.67943,                0.45065,                0.97901,                0.92574,                0.90153,                0.94366,                0.66266,                 1.0638,                0.52388,                 1.1368,               0.001915,               0.001915,               0.001915
                    247,                 0.6685,                0.44957,                0.97997,                0.91773,                0.91503,                0.94328,                0.66482,                 1.0659,                0.52626,                 1.1408,               0.001882,               0.001882,               0.001882
                    248,                0.67033,                0.45325,                0.97709,                0.91964,                0.91426,                0.94314,                0.66394,                 1.0684,                0.52539,                 1.1461,               0.001849,               0.001849,               0.001849
                    249,                 0.6651,                0.44117,                0.97819,                0.91752,                0.90705,                0.94266,                0.66403,                 1.0699,                 0.5246,                  1.152,               0.001816,               0.001816,               0.001816
                    250,                0.66296,                0.44435,                0.97895,                0.92097,                0.90662,                0.94409,                0.66688,                 1.0718,                0.52539,                  1.162,               0.001783,               0.001783,               0.001783
                    251,                0.67728,                0.44539,                0.97901,                0.92351,                0.90163,                0.94395,                0.66528,                 1.0708,                0.52097,                 1.1649,                0.00175,                0.00175,                0.00175
                    252,                0.66561,                0.45052,                0.97976,                 0.9243,                0.89292,                 0.9431,                0.66258,                 1.0716,                0.52101,                 1.1641,               0.001717,               0.001717,               0.001717
                    253,                0.65895,                0.44194,                0.97525,                0.91524,                0.90376,                0.94378,                 0.6644,                  1.074,                0.52252,                 1.1672,               0.001684,               0.001684,               0.001684
                    254,                0.66566,                 0.4456,                 0.9789,                0.92436,                0.90611,                0.94491,                  0.666,                 1.0731,                0.52478,                 1.1666,               0.001651,               0.001651,               0.001651
                    255,                0.66452,                0.44426,                0.97457,                0.93021,                0.90036,                0.94534,                 0.6658,                 1.0751,                0.52706,                 1.1695,               0.001618,               0.001618,               0.001618
                    256,                0.65494,                0.43475,                0.97646,                0.93053,                0.89777,                0.94602,                 0.6674,                 1.0754,                0.52522,                 1.1705,               0.001585,               0.001585,               0.001585
                    257,                0.65628,                0.43693,                0.97406,                0.91804,                 0.9178,                0.94625,                0.66834,                 1.0755,                0.52569,                 1.1726,               0.001552,               0.001552,               0.001552
                    258,                0.65665,                0.43386,                0.97248,                0.91441,                0.91796,                0.94642,                0.66935,                 1.0744,                0.52642,                 1.1721,               0.001519,               0.001519,               0.001519
                    259,                0.64432,                0.43176,                0.97119,                0.91325,                0.91779,                0.94788,                0.67132,                 1.0746,                0.52635,                 1.1742,               0.001486,               0.001486,               0.001486
                    260,                0.65258,                0.43465,                0.97427,                0.90878,                0.91796,                0.94703,                0.67261,                  1.075,                0.52706,                 1.1739,               0.001453,               0.001453,               0.001453
                    261,                0.66176,                0.43605,                0.97903,                0.90872,                0.91822,                0.94705,                0.67114,                 1.0751,                0.52921,                 1.1733,                0.00142,                0.00142,                0.00142
                    262,                 0.6462,                0.43081,                0.96957,                0.91476,                0.91382,                0.94716,                0.66716,                 1.0772,                0.52743,                 1.1726,               0.001387,               0.001387,               0.001387
                    263,                0.63603,                 0.4316,                0.96617,                0.91774,                0.92209,                0.94777,                0.66997,                 1.0765,                0.52815,                 1.1709,               0.001354,               0.001354,               0.001354
                    264,                0.66066,                  0.434,                0.97241,                0.92866,                0.89504,                0.94699,                0.66764,                 1.0762,                0.52412,                 1.1709,               0.001321,               0.001321,               0.001321
                    265,                0.63253,                0.42139,                0.96254,                0.91425,                0.91806,                0.94859,                0.67049,                 1.0775,                0.52794,                 1.1703,               0.001288,               0.001288,               0.001288
                    266,                0.64305,                0.41991,                0.96869,                0.91844,                0.91804,                0.94837,                0.67137,                 1.0785,                0.52983,                 1.1713,               0.001255,               0.001255,               0.001255
                    267,                0.64419,                0.43015,                0.96957,                0.91875,                0.91806,                0.94723,                0.66928,                 1.0779,                0.53155,                 1.1694,               0.001222,               0.001222,               0.001222
                    268,                0.63933,                0.42536,                 0.9689,                0.91714,                0.91806,                0.94641,                0.66767,                 1.0773,                0.53307,                 1.1687,               0.001189,               0.001189,               0.001189
                    269,                0.63802,                0.42236,                0.96573,                0.91842,                0.91806,                0.94657,                0.66873,                 1.0757,                0.53119,                 1.1693,               0.001156,               0.001156,               0.001156
                    270,                0.63836,                0.42102,                0.96466,                0.92269,                0.91775,                0.94775,                0.67009,                 1.0755,                0.53101,                 1.1697,               0.001123,               0.001123,               0.001123
                    271,                 0.6421,                 0.4269,                0.96941,                0.91255,                0.91153,                0.94606,                0.67119,                 1.0752,                 0.5297,                 1.1686,                0.00109,                0.00109,                0.00109
                    272,                0.63726,                0.42239,                0.97151,                0.91081,                0.91592,                0.94566,                0.67198,                 1.0746,                0.53131,                  1.169,               0.001057,               0.001057,               0.001057
                    273,                0.64242,                0.43187,                0.96835,                0.90996,                0.91289,                0.94589,                0.67113,                 1.0758,                0.53441,                 1.1711,               0.001024,               0.001024,               0.001024
                    274,                0.63391,                0.41793,                 0.9663,                0.90907,                0.91217,                0.94533,                0.67092,                 1.0765,                0.53623,                 1.1715,               0.000991,               0.000991,               0.000991
                    275,                0.63157,                0.41612,                0.96424,                0.90588,                0.90979,                 0.9448,                0.67211,                 1.0794,                0.53813,                 1.1728,               0.000958,               0.000958,               0.000958
                    276,                0.63063,                0.41453,                0.96727,                0.90783,                0.90979,                0.94437,                0.67132,                 1.0822,                0.53893,                 1.1762,               0.000925,               0.000925,               0.000925
                    277,                0.62835,                0.41755,                0.96863,                0.91015,                0.91122,                0.94495,                0.67033,                 1.0813,                0.53726,                 1.1743,               0.000892,               0.000892,               0.000892
                    278,                0.62856,                0.41928,                0.96276,                0.90749,                0.91392,                0.94471,                0.67012,                 1.0814,                0.53854,                 1.1727,               0.000859,               0.000859,               0.000859
                    279,                0.62596,                0.41981,                 0.9663,                 0.9278,                0.88898,                0.94443,                0.66848,                 1.0829,                0.54106,                 1.1732,               0.000826,               0.000826,               0.000826
                    280,                 0.6318,                0.41714,                0.96636,                0.91798,                0.89348,                0.94458,                 0.6682,                 1.0845,                0.53891,                 1.1745,               0.000793,               0.000793,               0.000793
                    281,                0.62524,                0.41565,                0.96316,                0.92304,                0.89346,                 0.9448,                0.66865,                 1.0862,                0.53694,                 1.1755,                0.00076,                0.00076,                0.00076
                    282,                 0.6221,                0.41463,                0.96372,                0.93169,                0.88183,                0.94527,                0.66836,                 1.0866,                0.53696,                 1.1763,               0.000727,               0.000727,               0.000727
                    283,                0.62088,                0.41413,                0.96162,                0.93471,                0.88495,                0.94511,                0.66729,                 1.0865,                0.53517,                 1.1776,               0.000694,               0.000694,               0.000694
                    284,                0.61488,                0.40456,                0.95978,                0.93527,                0.88367,                0.94461,                0.66679,                 1.0882,                0.53576,                 1.1783,               0.000661,               0.000661,               0.000661
                    285,                0.61885,                0.41062,                0.96656,                0.93869,                0.88413,                0.94472,                0.66616,                 1.0884,                0.53257,                 1.1782,               0.000628,               0.000628,               0.000628
                    286,                0.61329,                0.40933,                0.95776,                0.94113,                0.88117,                0.94411,                0.66733,                 1.0895,                0.53227,                 1.1795,               0.000595,               0.000595,               0.000595
                    287,                0.61313,                0.40707,                0.95953,                0.94181,                0.88306,                0.94456,                0.66708,                 1.0881,                 0.5347,                 1.1773,               0.000562,               0.000562,               0.000562
                    288,                0.62755,                0.41183,                 0.9642,                0.92246,                0.90249,                0.94524,                0.66783,                 1.0871,                0.53545,                 1.1736,               0.000529,               0.000529,               0.000529
                    289,                0.61257,                0.40421,                0.95711,                0.92112,                0.90163,                0.94562,                0.66957,                 1.0869,                0.53602,                 1.1729,               0.000496,               0.000496,               0.000496
                    290,                0.51021,                0.30016,                0.88979,                0.93518,                0.88904,                0.94456,                0.66811,                 1.0881,                0.53587,                 1.1757,               0.000463,               0.000463,               0.000463
